,No. of Join Vertices (JV),Avg. queries exection time(sec)
0,1,9.429833333333333
1,2,14.8599
2,3,12.813866666666671
3,4,50.98003333333334
4,5,15.578500000000002
5,6,29.71688888888889
